user_id,country_id,content,submitted,teacher_reviewed,teacher_feedback
"sample_student1","미국","안녕하세요, 미국 참전용사님!

저는 한국의 초등학생입니다. 70년도 더 된 옛날, 우리나라가 전쟁으로 위험에 처했을 때 먼 나라에서 와서 도와주셔서 정말 감사합니다.

미국에서 온 참전용사들이 없었다면, 지금의 대한민국은 없었을 거예요. 저는 학교에서 한국전쟁과 UN군에 대해 배웠어요. 미국이 가장 많은 병사들을 보내 우리나라를 도와주었다는 것을 알게 되었어요.

참전용사 할아버지, 할머니들 덕분에 저는 지금 자유롭고 평화로운 나라에서 살 수 있게 되었습니다. 정말 고맙습니다. 저는 커서 세계 평화를 위해 일하는 사람이 되고 싶어요.

건강하시고 행복하세요! 한국에서 항상 감사한 마음으로 기억하겠습니다.

감사한 마음을 담아,
한국의 초등학생 올림",true,true,"편지의 내용이 진심 어린 감사 마음을 잘 표현했네요. 역사적 사실에 대한 이해도 정확하고, 자신의 미래 포부까지 연결한 점이 훌륭합니다."
"sample_student2","터키","안녕하세요, 터키 참전용사님!

저는 한국의 초등학생입니다. 오늘 학교에서 한국전쟁과 터키 참전용사들에 대해 배웠어요. 터키가 우리나라를 도와주기 위해 많은 병사들을 보내주셨다는 것을 알게 되었어요.

터키는 우리나라와 '피로 맺어진 형제국'이라고 배웠어요. 정말 먼 나라에서 와서 우리나라를 위해 싸워주셔서 감사합니다. 터키 병사들이 용감하게 싸웠다는 이야기도 들었어요.

저는 터키에 대해 더 알고 싶어요. 터키의 문화, 음식, 역사에 대해 공부하려고 해요. 언젠가 터키를 방문해서 직접 여러분의 나라를 보고 싶어요.

건강하고 행복하게 지내세요! 한국은 터키의 도움을 절대 잊지 않을 거예요.

감사한 마음을 담아,
한국의 초등학생 올림",true,true,"터키를 '피로 맺어진 형제국'으로 표현한 것처럼 정확한 역사적 관계를 이해하고 있어요. 터키에 대해 더 알고 싶다는 호기심과 감사의 마음이 잘 표현되었습니다."
"sample_student3","영국","영국 참전용사님께,

안녕하세요! 저는 한국의 초등학생입니다. 오늘 한국전쟁과 UN군에 대해 배우면서 영국이 우리나라를 도와주었다는 것을 알게 되었어요.

영국은 많은 병사들을 한국에 보내 우리나라의 자유와 평화를 지키기 위해 싸워주셨어요. 그 중에는 영국의 글로스터 대대가 있었다고 배웠어요. 그들은 매우 용감하게 싸웠다고 해요.

저는 영국에 대해 배울 때마다 해리포터 영화와 영국의 왕실, 빅벤 같은 것들이 생각나요. 언젠가 영국을 방문해보고 싶어요.

영국 참전용사님들의 희생과 용기 덕분에 지금 우리나라는 발전하고 자유롭게 되었습니다. 정말 감사합니다.

건강하게 지내세요!

감사한 마음으로,
한국의 초등학생 올림",true,false,null