title,content,summary,source,grade_level,image_url,is_fallback
"통일 이야기: 한민족의 역사","오랜 역사 속에서 한민족은 하나의 국가로 살아왔습니다. 고구려, 백제, 신라가 삼국시대를 이루었고, 이후 통일신라와 고려를 거쳐 조선시대까지 한반도는 하나의 나라였습니다.

그러나 1945년 제2차 세계대전이 끝나면서 한반도는 북위 38도선을 기준으로 남과 북으로 나뉘게 되었어요. 북쪽은 소련군이, 남쪽은 미국군이 주둔하게 되었지요.

1948년에는 남한에서 대한민국 정부가, 북한에서는 조선민주주의인민공화국 정부가 각각 수립되었습니다. 그리고 1950년 6월 25일, 북한의 남침으로 한국전쟁이 발발하였습니다.

3년간의 전쟁 끝에 1953년 7월 27일 휴전협정이 체결되었지만, 한반도는 완전히 분단되었습니다. 그 이후로 70년이 넘는 시간 동안 남북한은 서로 다른 길을 걸어왔습니다.

통일은 우리 민족의 염원이자 미래의 희망입니다. 통일이 되면 이산가족들의 아픔이 해소되고, 한반도의 평화가 정착될 수 있습니다. 또한 남북한의 경제협력으로 더 큰 발전을 이룰 수 있을 것입니다.

평화통일을 위해서는 서로에 대한 이해와 존중이 필요합니다. 우리는 같은 말과 역사, 문화를 가진 한민족임을 기억하며 평화롭게 공존하는 방법을 찾아나가야 합니다.","한국의 역사와 한반도 분단의 배경, 그리고 통일의 필요성에 대한 기본적인 내용","통일부 통일교육원",3,"/images/reading/history.jpg",true
"평화와 통일의 중요성","평화는 모든 사람들이 행복하게 살기 위한 필수 조건입니다. 우리나라는 아직 전쟁이 완전히 끝나지 않은 상태로, 휴전 상태에 있습니다. 이런 상황에서 진정한 평화를 이루기 위해서는 통일이 중요합니다.

평화란 단순히 전쟁이 없는 상태만을 의미하지 않아요. 평화는 모든 사람들이 안전하게 느끼고, 자유롭게 생각을 표현하며, 서로 존중하는 상태를 말합니다.

남한과 북한은 같은 역사와 문화를 가진 한민족이지만, 70년이 넘는 분단으로 인해 점점 더 달라지고 있습니다. 언어도 조금씩 달라지고, 생활방식도 많이 달라졌어요.

통일은 단순히 두 국가가 하나가 되는 것이 아니라, 서로 다른 체제와 생활방식을 가진 사람들이 함께 살아가는 것입니다. 그래서 통일 과정에서는 서로를 이해하고 존중하는 자세가 무엇보다 중요합니다.

통일이 되면 이산가족들의 슬픔이 해결되고, 남북한 간의 긴장관계가 해소되어 진정한 평화가 찾아올 수 있습니다. 또한 경제적으로도 더 발전할 수 있는 기회가 생길 것입니다.

우리는 평화롭고 행복한 한반도를 만들기 위해 통일에 대해 관심을 가지고, 통일을 준비하는 마음을 가져야 합니다. 작은 관심과 이해가 모여 평화통일의 길을 열어갈 수 있을 것입니다.","평화의 의미와 통일의 중요성, 통일이 가져올 변화에 대한 내용","통일부 통일교육원",3,"/images/reading/peace.jpg",true
"북한 친구들의 생활","북한에 살고 있는 우리 또래 친구들은 어떻게 지내고 있을까요? 북한 친구들도 우리처럼 학교에 다니고, 공부하고, 놀이를 하며 생활합니다. 하지만 몇 가지 다른 점도 있어요.

북한의 학교는 '소학교'와 '중학교'로 나뉘어 있습니다. 소학교는 우리의 초등학교와 비슷하며 5년제입니다. 중학교는 우리의 중학교와 고등학교를 합친 것으로 6년제로 운영됩니다.

북한 학생들은 보통 오전 8시부터 오후 1시까지 학교에서 공부합니다. 주요 과목으로는 국어, 수학, 자연, 사회, 영어 등이 있으며, 김일성·김정일 관련 과목도 중요하게 배웁니다.

방과 후에는 특별활동이나 소년단 활동에 참여하는 경우가 많습니다. 또한 집에 돌아가면 숙제를 하거나 집안일을 돕기도 합니다.

북한 친구들이 즐기는 놀이로는 줄넘기, 팽이치기, 제기차기, 연날리기 등이 있어요. 이런 놀이는 남한에서도 즐기는 전통놀이로, 우리가 같은 문화를 공유하고 있다는 것을 보여줍니다.

하지만 북한 친구들은 인터넷이나 스마트폰 사용이 제한되어 있고, 텔레비전에서도 제한된 채널만 볼 수 있습니다. 또한 식량과 생필품이 부족한 경우가 많아 우리보다 어려운 환경에서 생활하는 경우가 많습니다.

북한 친구들도 우리와 같은 또래의 아이들이며, 같은 말을 사용하고 비슷한 문화를 가진 한민족입니다. 통일이 되면 우리는 북한 친구들과 함께 공부하고 놀면서 더 넓은 세상을 경험할 수 있을 것입니다.","북한 어린이들의 학교생활, 일상, 놀이 문화에 대한 설명","통일부 통일교육원",4,"/images/reading/nk_friends.jpg",true
"이산가족의 아픔","이산가족은 한국전쟁으로 인해 갑자기 서로 만날 수 없게 된 가족들을 말합니다. 할아버지, 할머니, 아버지, 어머니, 형제자매 등 가족들이 남과 북으로 흩어져 서로의 소식을 모른 채 살아가게 된 것이지요.

한국전쟁은 1950년부터 1953년까지 계속되었습니다. 전쟁 중에 많은 사람들이 폭격을 피해 급하게 피난을 가거나, 가족과 헤어지게 되었어요. 전쟁이 끝난 후에는 남북이 분단되어 서로 왕래할 수 없게 되었습니다.

현재 남한에는 약 13만 명의 이산가족이 북한에 있는 가족을 그리워하며 살고 있습니다. 하지만 이산가족의 대부분은 이제 고령이 되어 시간이 많이 남지 않았습니다.

2000년부터 남북 정상회담 이후 이산가족 상봉 행사가 여러 차례 진행되었습니다. 이 행사를 통해 일부 이산가족들은 수십 년 만에 잠시나마 가족을 만날 수 있었지만, 아직도 많은 이산가족들이 가족을 만나지 못하고 있습니다.

한번 상봉한 이산가족들도 그 이후에는 전화나 편지 등으로 연락을 주고받을 수 없어 다시 이별을 겪게 됩니다. 이러한 이산가족의 아픔은 한반도 분단의 현실을 가장 잘 보여주는 예라고 할 수 있습니다.

이산가족의 문제를 해결하기 위해서는 남북한의 교류와 협력이 필요합니다. 궁극적으로는 평화통일을 이루어 모든 이산가족들이 자유롭게 만날 수 있는 날이 오기를 희망합니다.","한국전쟁으로 인한 이산가족의 발생 배경과 현황, 이산가족 상봉 행사에 대한 설명","통일부 통일교육원",4,"/images/reading/separated_families.jpg",true
"통일 한국의 미래","통일이 되면 우리나라는 어떻게 변할까요? 통일 한국의 미래는 더 평화롭고, 더 번영하며, 더 행복한 나라가 될 것입니다.

먼저, 통일이 되면 한반도에 진정한 평화가 찾아올 것입니다. 남북한 사이의 군사적 긴장이 사라지고, 전쟁의 위험이 없어지게 됩니다. 분단으로 인한 이산가족의 아픔도 치유될 수 있을 것입니다.

둘째, 경제적으로 더 발전할 수 있습니다. 남한의 기술력과 자본, 북한의 자원과 노동력이 결합하면 더 큰 경제적 시너지 효과를 낼 수 있습니다. 또한 육로를 통해 유라시아 대륙과 직접 연결되어 물류와 교통의 중심지가 될 수 있습니다.

셋째, 국제사회에서 더 큰 영향력을 가질 수 있습니다. 인구 약 8천만 명의 통일 한국은 세계 10위권의 경제 규모를 갖추게 될 것으로 예상됩니다. 이를 바탕으로 국제사회에서 더 중요한 역할을 할 수 있게 될 것입니다.

넷째, 문화적으로 더 풍요로워질 것입니다. 남북한이 70년 넘게 발전시켜 온 서로 다른 문화가 만나 새로운 문화적 융합을 이룰 수 있습니다. 이는 세계 문화 발전에도 기여할 수 있을 것입니다.

물론 통일 과정에서 여러 가지 어려움과 극복해야 할 과제들이 있을 것입니다. 하지만 우리 모두가 함께 노력한다면, 이러한 어려움을 이겨내고 더 밝은 미래를 만들어 갈 수 있을 것입니다.

통일 한국의 미래는 우리 어린이들이 만들어 가는 것입니다. 통일에 대한 관심과 이해를 가지고, 통일 시대를 준비하는 마음을 가지는 것이 중요합니다.","통일 이후 한국의 변화와 발전 가능성, 통일이 가져올 경제적, 사회적, 문화적 혜택에 대한 설명","통일부 통일교육원",5,"/images/reading/unified_korea.jpg",true
"UN참전국과 한국전쟁","한국전쟁은 1950년 6월 25일 북한의 남침으로 시작되었습니다. 이때 대한민국이 위기에 처하자 유엔(UN)은 북한의 침략을 막기 위한 결의안을 채택하고, 회원국들에게 한국을 돕기 위한 군대 파병을 요청했습니다.

이에 응답하여 미국을 포함한 16개국이 군대를 파견했고, 5개국은 의료지원단을 보냈습니다. 이 나라들을 'UN참전국'이라고 부릅니다.

군대를 파견한 16개국은 미국, 영국, 프랑스, 캐나다, 호주, 뉴질랜드, 터키, 태국, 필리핀, 네덜란드, 콜롬비아, 그리스, 에티오피아, 벨기에, 남아프리카공화국, 룩셈부르크입니다.

의료지원단을 파견한 5개국은 스웨덴, 인도, 덴마크, 노르웨이, 이탈리아입니다.

UN참전국들은 한국전쟁에서 큰 희생을 치렀습니다. 전쟁 중 약 3만 7천 명이 전사하고, 10만 명 이상이 부상을 입었으며, 8천 명 이상이 실종되거나 포로가 되었습니다.

이러한 UN참전국들의 도움이 없었다면, 오늘날의 대한민국은 존재하지 않았을지도 모릅니다. 참전국들의 도움으로 대한민국은 자유와, 평화, 번영을 지킬 수 있었고, 오늘날과 같은 발전을 이룰 수 있었습니다.

우리는 UN참전국들의 희생과 도움을 기억하고 감사해야 합니다. 그들은 먼 나라에서 온 낯선 이들을 위해 자신의 목숨을 걸고 싸웠습니다. 이러한 희생은 오늘날 한국과 참전국들 사이의 특별한 우정의 기반이 되고 있습니다.","한국전쟁에 참전한 UN군의 구성과 역할, 참전국들의 희생과 공헌에 대한 설명","통일부 통일교육원",5,"/images/reading/un_forces.jpg",true